Workbook

Sheet 完成情况清单
A1: ASPICE 流程认证文档完成情况清单
A2: 填写说明：通过下拉框维护是否适用、完成状态和评审状态；完成度及汇总统计自动计算。
A4: 序号 | B4: 阶段 | C4: 过程域 | D4: 文档/工作产品 | E4: 周期/触发条件 | F4: 完成状态 | G4: 完成度 | H4: 责任人 | I4: 计划完成日期 | J4: 实际完成日期 | K4: 版本 | L4: 评审状态 | M4: 证据/存放路径 | N4: 备注
A5: 1 | B5: 项目初期 | C5: MAN.3 | D5: 项目可行性分析报告 | F5: 未开始 | G5: =IF(F5="不适用","",IF(F5="已完成",1,0)) -> 0 | L5: 未评审
A6: 2 | D6: 项目管理计划 | F6: 未开始 | G6: =IF(F6="不适用","",IF(F6="已完成",1,0)) -> 0 | L6: 未评审
A7: 3 | D7: 项目里程碑计划 | F7: 未开始 | G7: =IF(F7="不适用","",IF(F7="已完成",1,0)) -> 0 | L7: 未评审
A8: 4 | D8: 项目进度计划 | F8: 未开始 | G8: =IF(F8="不适用","",IF(F8="已完成",1,0)) -> 0 | L8: 未评审
A9: 5 | D9: 干系人清单（含职责、权限、项目组织架构） | F9: 未开始 | G9: =IF(F9="不适用","",IF(F9="已完成",1,0)) -> 0 | L9: 未评审
A10: 6 | D10: 人员技能矩阵 | F10: 未开始 | G10: =IF(F10="不适用","",IF(F10="已完成",1,0)) -> 0 | L10: 未评审
A11: 7 | D11: 项目成员培训计划 | F11: 未开始 | G11: =IF(F11="不适用","",IF(F11="已完成",1,0)) -> 0 | L11: 未评审
A12: 8 | D12: 功能责任计划 | F12: 未开始 | G12: =IF(F12="不适用","",IF(F12="已完成",1,0)) -> 0 | L12: 未评审
A13: 9 | D13: 工具清单 | F13: 未开始 | G13: =IF(F13="不适用","",IF(F13="已完成",1,0)) -> 0 | L13: 未评审
A14: 10 | D14: 项目管理计划评审检查单 | F14: 未开始 | G14: =IF(F14="不适用","",IF(F14="已完成",1,0)) -> 0 | L14: 未评审
A15: 11 | D15: 项目进度计划评审检查单 | F15: 未开始 | G15: =IF(F15="不适用","",IF(F15="已完成",1,0)) -> 0 | L15: 未评审
A16: 12 | D16: 可行性分析报告评审检查单 | F16: 未开始 | G16: =IF(F16="不适用","",IF(F16="已完成",1,0)) -> 0 | L16: 未评审
A17: 13 | C17: SUP.1 | D17: 质量保证计划 | F17: 未开始 | G17: =IF(F17="不适用","",IF(F17="已完成",1,0)) -> 0 | L17: 未评审
A18: 14 | D18: 质量保证计划评审检查单 | F18: 未开始 | G18: =IF(F18="不适用","",IF(F18="已完成",1,0)) -> 0 | L18: 未评审
A19: 15 | D19: 评审计划 | F19: 未开始 | G19: =IF(F19="不适用","",IF(F19="已完成",1,0)) -> 0 | L19: 未评审
A20: 16 | C20: SUP.8 | D20: 配置管理计划 | F20: 未开始 | G20: =IF(F20="不适用","",IF(F20="已完成",1,0)) -> 0 | L20: 未评审
A21: 17 | D21: 配置管理计划评审检查单 | F21: 未开始 | G21: =IF(F21="不适用","",IF(F21="已完成",1,0)) -> 0 | L21: 未评审
A22: 18 | D22: 配置项清单 | F22: 未开始 | G22: =IF(F22="不适用","",IF(F22="已完成",1,0)) -> 0 | L22: 未评审
A23: 19 | D23: 配置项清单评审检查单 | F23: 未开始 | G23: =IF(F23="不适用","",IF(F23="已完成",1,0)) -> 0 | L23: 未评审
A24: 20 | D24: 配置项及权限表 | F24: 未开始 | G24: =IF(F24="不适用","",IF(F24="已完成",1,0)) -> 0 | L24: 未评审
A25: 21 | C25: SUP.9 | D25: 问题解决管理计划 | F25: 未开始 | G25: =IF(F25="不适用","",IF(F25="已完成",1,0)) -> 0 | L25: 未评审
A26: 22 | D26: 问题解决管理计划评审检查单 | F26: 未开始 | G26: =IF(F26="不适用","",IF(F26="已完成",1,0)) -> 0 | L26: 未评审
A27: 23 | C27: SUP.10 | D27: 变更管理计划 | F27: 未开始 | G27: =IF(F27="不适用","",IF(F27="已完成",1,0)) -> 0 | L27: 未评审
A28: 24 | D28: 变更管理计划评审检查单 | F28: 未开始 | G28: =IF(F28="不适用","",IF(F28="已完成",1,0)) -> 0 | L28: 未评审
A29: 25 | C29: SYS.1～SYS.3、SWE.1～SWE.3 | D29: 需求分析策略 | F29: 未开始 | G29: =IF(F29="不适用","",IF(F29="已完成",1,0)) -> 0 | L29: 未评审
A30: 26 | D30: 架构设计策略 | F30: 未开始 | G30: =IF(F30="不适用","",IF(F30="已完成",1,0)) -> 0 | L30: 未评审
A31: 27 | D31: 详细设计策略 | F31: 未开始 | G31: =IF(F31="不适用","",IF(F31="已完成",1,0)) -> 0 | L31: 未评审
A32: 28 | D32: 策略评审检查单 | F32: 未开始 | G32: =IF(F32="不适用","",IF(F32="已完成",1,0)) -> 0 | L32: 未评审
A33: 29 | B33: 项目执行期 | C33: SYS.1 | D33: 涉众需求清单 | F33: 未开始 | G33: =IF(F33="不适用","",IF(F33="已完成",1,0)) -> 0 | L33: 未评审
A34: 30 | D34: 干系人沟通记录 | F34: 未开始 | G34: =IF(F34="不适用","",IF(F34="已完成",1,0)) -> 0 | L34: 未评审
A35: 31 | C35: SYS.2 | D35: 系统需求规格说明书 | F35: 未开始 | G35: =IF(F35="不适用","",IF(F35="已完成",1,0)) -> 0 | L35: 未评审
A36: 32 | D36: 系统需求与功能需求追溯 | F36: 未开始 | G36: =IF(F36="不适用","",IF(F36="已完成",1,0)) -> 0 | L36: 未评审
A37: 33 | D37: 系统需求评审检查单 | F37: 未开始 | G37: =IF(F37="不适用","",IF(F37="已完成",1,0)) -> 0 | L37: 未评审
A38: 34 | C38: SYS.3 | D38: 系统架构设计说明书 | F38: 未开始 | G38: =IF(F38="不适用","",IF(F38="已完成",1,0)) -> 0 | L38: 未评审
A39: 35 | D39: 系统架构要素与系统需求追溯 | F39: 未开始 | G39: =IF(F39="不适用","",IF(F39="已完成",1,0)) -> 0 | L39: 未评审
A40: 36 | D40: 系统架构设计评审检查单 | F40: 未开始 | G40: =IF(F40="不适用","",IF(F40="已完成",1,0)) -> 0 | L40: 未评审
A41: 37 | C41: SWE.1 | D41: 软件需求规格说明书 | F41: 未开始 | G41: =IF(F41="不适用","",IF(F41="已完成",1,0)) -> 0 | L41: 未评审
A42: 38 | D42: 软件需求与系统需求追溯 | F42: 未开始 | G42: =IF(F42="不适用","",IF(F42="已完成",1,0)) -> 0 | L42: 未评审
A43: 39 | D43: 软件需求与系统架构追溯 | F43: 未开始 | G43: =IF(F43="不适用","",IF(F43="已完成",1,0)) -> 0 | L43: 未评审
A44: 40 | D44: 软件需求评审检查单 | F44: 未开始 | G44: =IF(F44="不适用","",IF(F44="已完成",1,0)) -> 0 | L44: 未评审
A45: 41 | C45: SWE.2 | D45: 软件架构设计说明书 | F45: 未开始 | G45: =IF(F45="不适用","",IF(F45="已完成",1,0)) -> 0 | L45: 未评审
A46: 42 | D46: 软件架构追溯矩阵 | F46: 未开始 | G46: =IF(F46="不适用","",IF(F46="已完成",1,0)) -> 0 | L46: 未评审
A47: 43 | D47: 软件架构评审检查单 | F47: 未开始 | G47: =IF(F47="不适用","",IF(F47="已完成",1,0)) -> 0 | L47: 未评审
A48: 44 | C48: SWE.3 | D48: 软件详细设计说明书（各组件） | F48: 未开始 | G48: =IF(F48="不适用","",IF(F48="已完成",1,0)) -> 0 | L48: 未评审
A49: 45 | D49: 软件详细设计追溯矩阵 | F49: 未开始 | G49: =IF(F49="不适用","",IF(F49="已完成",1,0)) -> 0 | L49: 未评审
A50: 46 | D50: 代码模型 | F50: 未开始 | G50: =IF(F50="不适用","",IF(F50="已完成",1,0)) -> 0 | L50: 未评审
A51: 47 | D51: 软件详细设计评审检查单 | F51: 未开始 | G51: =IF(F51="不适用","",IF(F51="已完成",1,0)) -> 0 | L51: 未评审
A52: 48 | C52: SWE.4 | D52: 软件单元测试计划 | F52: 未开始 | G52: =IF(F52="不适用","",IF(F52="已完成",1,0)) -> 0 | L52: 未评审
A53: 49 | D53: 软件单元测试计划评审检查单 | F53: 未开始 | G53: =IF(F53="不适用","",IF(F53="已完成",1,0)) -> 0 | L53: 未评审
A54: 50 | D54: 静态测试记录 | F54: 未开始 | G54: =IF(F54="不适用","",IF(F54="已完成",1,0)) -> 0 | L54: 未评审
A55: 51 | D55: 软件单元测试用例 | F55: 未开始 | G55: =IF(F55="不适用","",IF(F55="已完成",1,0)) -> 0 | L55: 未评审
A56: 52 | D56: 软件单元测试用例评审检查单 | F56: 未开始 | G56: =IF(F56="不适用","",IF(F56="已完成",1,0)) -> 0 | L56: 未评审
A57: 53 | D57: 软件单元测试记录（动态测试） | F57: 未开始 | G57: =IF(F57="不适用","",IF(F57="已完成",1,0)) -> 0 | L57: 未评审
A58: 54 | D58: 代码评审检查单 | F58: 未开始 | G58: =IF(F58="不适用","",IF(F58="已完成",1,0)) -> 0 | L58: 未评审
A59: 55 | D59: 软件单元测试报告 | F59: 未开始 | G59: =IF(F59="不适用","",IF(F59="已完成",1,0)) -> 0 | L59: 未评审
A60: 56 | D60: 软件单元测试报告评审检查单 | F60: 未开始 | G60: =IF(F60="不适用","",IF(F60="已完成",1,0)) -> 0 | L60: 未评审
A61: 57 | C61: SWE.5 | D61: 软件集成测试计划 | F61: 未开始 | G61: =IF(F61="不适用","",IF(F61="已完成",1,0)) -> 0 | L61: 未评审
A62: 58 | D62: 软件集成策略记录 | F62: 未开始 | G62: =IF(F62="不适用","",IF(F62="已完成",1,0)) -> 0 | L62: 未评审
A63: 59 | D63: 软件集成测试用例 | F63: 未开始 | G63: =IF(F63="不适用","",IF(F63="已完成",1,0)) -> 0 | L63: 未评审
A64: 60 | D64: 软件集成测试记录 | F64: 未开始 | G64: =IF(F64="不适用","",IF(F64="已完成",1,0)) -> 0 | L64: 未评审
A65: 61 | D65: 软件集成测试报告 | F65: 未开始 | G65: =IF(F65="不适用","",IF(F65="已完成",1,0)) -> 0 | L65: 未评审
A66: 62 | D66: 计划/用例/报告评审检查单 | F66: 未开始 | G66: =IF(F66="不适用","",IF(F66="已完成",1,0)) -> 0 | L66: 未评审
A67: 63 | C67: SWE.6 | D67: 软件验证计划 | F67: 未开始 | G67: =IF(F67="不适用","",IF(F67="已完成",1,0)) -> 0 | L67: 未评审
A68: 64 | D68: 软件验证用例 | F68: 未开始 | G68: =IF(F68="不适用","",IF(F68="已完成",1,0)) -> 0 | L68: 未评审
A69: 65 | D69: 软件验证记录 | F69: 未开始 | G69: =IF(F69="不适用","",IF(F69="已完成",1,0)) -> 0 | L69: 未评审
A70: 66 | D70: 软件验证报告 | F70: 未开始 | G70: =IF(F70="不适用","",IF(F70="已完成",1,0)) -> 0 | L70: 未评审
A71: 67 | D71: 计划/用例/报告评审检查单 | F71: 未开始 | G71: =IF(F71="不适用","",IF(F71="已完成",1,0)) -> 0 | L71: 未评审
A72: 68 | C72: SYS.4 | D72: 系统集成测试计划 | F72: 未开始 | G72: =IF(F72="不适用","",IF(F72="已完成",1,0)) -> 0 | L72: 未评审
A73: 69 | D73: 冒烟测试报告 | F73: 未开始 | G73: =IF(F73="不适用","",IF(F73="已完成",1,0)) -> 0 | L73: 未评审
A74: 70 | D74: 系统集成测试用例 | F74: 未开始 | G74: =IF(F74="不适用","",IF(F74="已完成",1,0)) -> 0 | L74: 未评审
A75: 71 | D75: 系统集成测试记录 | F75: 未开始 | G75: =IF(F75="不适用","",IF(F75="已完成",1,0)) -> 0 | L75: 未评审
A76: 72 | D76: 系统集成测试报告 | F76: 未开始 | G76: =IF(F76="不适用","",IF(F76="已完成",1,0)) -> 0 | L76: 未评审
A77: 73 | D77: 计划/用例/报告评审检查单 | F77: 未开始 | G77: =IF(F77="不适用","",IF(F77="已完成",1,0)) -> 0 | L77: 未评审
A78: 74 | C78: SYS.5 | D78: 系统验证计划 | F78: 未开始 | G78: =IF(F78="不适用","",IF(F78="已完成",1,0)) -> 0 | L78: 未评审
A79: 75 | D79: 系统验证用例 | F79: 未开始 | G79: =IF(F79="不适用","",IF(F79="已完成",1,0)) -> 0 | L79: 未评审
A80: 76 | D80: 系统验证记录 | F80: 未开始 | G80: =IF(F80="不适用","",IF(F80="已完成",1,0)) -> 0 | L80: 未评审
A81: 77 | D81: 系统验证报告 | F81: 未开始 | G81: =IF(F81="不适用","",IF(F81="已完成",1,0)) -> 0 | L81: 未评审
A82: 78 | D82: 计划/用例/报告评审检查单 | F82: 未开始 | G82: =IF(F82="不适用","",IF(F82="已完成",1,0)) -> 0 | L82: 未评审
A83: 79 | B83: 周期性/不固定任务 | C83: SUP.1 | D83: 过程审计检查单 | E83: 按质量保证计划定义周期 | F83: 未开始 | G83: =IF(F83="不适用","",IF(F83="已完成",1,0)) -> 0 | L83: 未评审
A84: 80 | D84: 不符合项清单 | E84: 配合过程审计 | F84: 未开始 | G84: =IF(F84="不适用","",IF(F84="已完成",1,0)) -> 0 | L84: 未评审
A85: 81 | D85: 质量月报 | E85: 每月 | F85: 未开始 | G85: =IF(F85="不适用","",IF(F85="已完成",1,0)) -> 0 | L85: 未评审
A86: 82 | D86: 质量升级记录 | E86: 按需 | F86: 未开始 | G86: =IF(F86="不适用","",IF(F86="已完成",1,0)) -> 0 | L86: 未评审
A87: 83 | C87: SUP.8 | D87: 配置项状态报告 | E87: 配置项入库时更新 | F87: 未开始 | G87: =IF(F87="不适用","",IF(F87="已完成",1,0)) -> 0 | L87: 未评审
A88: 84 | D88: 基线状态报告 | E88: 基线管理/配置项入库时更新 | F88: 未开始 | G88: =IF(F88="不适用","",IF(F88="已完成",1,0)) -> 0 | L88: 未评审
A89: 85 | D89: 配置审计记录 | E89: 按配置管理计划定义周期 | F89: 未开始 | G89: =IF(F89="不适用","",IF(F89="已完成",1,0)) -> 0 | L89: 未评审
A90: 86 | C90: SUP.9 | D90: 客诉问题清单 | E90: 按需 | F90: 未开始 | G90: =IF(F90="不适用","",IF(F90="已完成",1,0)) -> 0 | L90: 未评审
A91: 87 | D91: 评审问题清单 | E91: 按需 | F91: 未开始 | G91: =IF(F91="不适用","",IF(F91="已完成",1,0)) -> 0 | L91: 未评审
A92: 88 | D92: 偏差问题清单 | E92: 按需 | F92: 未开始 | G92: =IF(F92="不适用","",IF(F92="已完成",1,0)) -> 0 | L92: 未评审
A93: 89 | D93: 缺陷清单 | E93: 按需 | F93: 未开始 | G93: =IF(F93="不适用","",IF(F93="已完成",1,0)) -> 0 | L93: 未评审
A94: 90 | D94: 紧急问题处理记录 | E94: 按需 | F94: 未开始 | G94: =IF(F94="不适用","",IF(F94="已完成",1,0)) -> 0 | L94: 未评审
A95: 91 | D95: 问题管理记录 | E95: 持续更新 | F95: 未开始 | G95: =IF(F95="不适用","",IF(F95="已完成",1,0)) -> 0 | L95: 未评审
A96: 92 | D96: 问题趋势分析 | E96: 定期 | F96: 未开始 | G96: =IF(F96="不适用","",IF(F96="已完成",1,0)) -> 0 | L96: 未评审
A97: 93 | C97: SUP.10 | D97: 变更申请单 | E97: 按需 | F97: 未开始 | G97: =IF(F97="不适用","",IF(F97="已完成",1,0)) -> 0 | L97: 未评审
A98: 94 | D98: 变更跟踪表 | E98: 持续更新 | F98: 未开始 | G98: =IF(F98="不适用","",IF(F98="已完成",1,0)) -> 0 | L98: 未评审
A99: 95 | C99: MAN.3 | D99: 周报 | E99: 每周 | F99: 未开始 | G99: =IF(F99="不适用","",IF(F99="已完成",1,0)) -> 0 | L99: 未评审
A100: 96 | D100: 项目进度计划 | E100: 项目过程中更新 | F100: 未开始 | G100: =IF(F100="不适用","",IF(F100="已完成",1,0)) -> 0 | L100: 未评审
A101: 97 | D101: 项目里程碑报告 | E101: 每个里程碑节点 | F101: 未开始 | G101: =IF(F101="不适用","",IF(F101="已完成",1,0)) -> 0 | L101: 未评审
...

Sheet 汇总统计
A1: ASPICE 文档完成情况汇总
A3: 指标 | B3: 总项数 | C3: 已完成 | D3: 进行中 | E3: 待评审 | F3: 未开始 | G3: 不适用 | H3: 总体完成率
A4: 全部过程域 | B4: =COUNTA(完成情况清单!$D$5:$D$102) -> 98 | C4: =COUNTIF(完成情况清单!$F$5:$F$102,"已完成") -> 0 | D4: =COUNTIF(完成情况清单!$F$5:$F$102,"进行中") -> 0 | E4: =COUNTIF(完成情况清单!$F$5:$F$102,"待评审") -> 0 | F4: =COUNTIF(完成情况清单!$F$5:$F$102,"未开始") -> 98 | G4: =COUNTIF(完成情况清单!$F$5:$F$102,"不适用") -> 0 | H4: =IFERROR(AVERAGE(完成情况清单!$G$5:$G$102),0) -> 0
A7: 阶段 | B7: 文档项数 | C7: 已完成 | D7: 未完成 | E7: 完成率
A8: 项目初期 | B8: =COUNTIF(统计辅助!$B$2:$B$99,A8) -> 28 | C8: =COUNTIFS(统计辅助!$B$2:$B$99,A8,完成情况清单!$F$5:$F$102,"已完成") -> 0 | D8: =B8-C8-COUNTIFS(统计辅助!$B$2:$B$99,A8,完成情况清单!$F$5:$F$102,"不适用") -> 28 | E8: =IFERROR(C8/(C8+D8),0) -> 0
A9: 项目执行期 | B9: =COUNTIF(统计辅助!$B$2:$B$99,A9) -> 50 | C9: =COUNTIFS(统计辅助!$B$2:$B$99,A9,完成情况清单!$F$5:$F$102,"已完成") -> 0 | D9: =B9-C9-COUNTIFS(统计辅助!$B$2:$B$99,A9,完成情况清单!$F$5:$F$102,"不适用") -> 50 | E9: =IFERROR(C9/(C9+D9),0) -> 0
A10: 周期性/不固定任务 | B10: =COUNTIF(统计辅助!$B$2:$B$99,A10) -> 20 | C10: =COUNTIFS(统计辅助!$B$2:$B$99,A10,完成情况清单!$F$5:$F$102,"已完成") -> 0 | D10: =B10-C10-COUNTIFS(统计辅助!$B$2:$B$99,A10,完成情况清单!$F$5:$F$102,"不适用") -> 20 | E10: =IFERROR(C10/(C10+D10),0) -> 0
A13: 过程域 | B13: 文档项数 | C13: 已完成 | D13: 未完成 | E13: 完成率
A14: MAN.3 | B14: =COUNTIF(统计辅助!$C$2:$C$99,A14) -> 16 | C14: =COUNTIFS(统计辅助!$C$2:$C$99,A14,完成情况清单!$F$5:$F$102,"已完成") -> 0 | D14: =B14-C14-COUNTIFS(统计辅助!$C$2:$C$99,A14,完成情况清单!$F$5:$F$102,"不适用") -> 16 | E14: =IFERROR(C14/(C14+D14),0) -> 0
A15: SUP.1 | B15: =COUNTIF(统计辅助!$C$2:$C$99,A15) -> 7 | C15: =COUNTIFS(统计辅助!$C$2:$C$99,A15,完成情况清单!$F$5:$F$102,"已完成") -> 0 | D15: =B15-C15-COUNTIFS(统计辅助!$C$2:$C$99,A15,完成情况清单!$F$5:$F$102,"不适用") -> 7 | E15: =IFERROR(C15/(C15+D15),0) -> 0
A16: SUP.8 | B16: =COUNTIF(统计辅助!$C$2:$C$99,A16) -> 8 | C16: =COUNTIFS(统计辅助!$C$2:$C$99,A16,完成情况清单!$F$5:$F$102,"已完成") -> 0 | D16: =B16-C16-COUNTIFS(统计辅助!$C$2:$C$99,A16,完成情况清单!$F$5:$F$102,"不适用") -> 8 | E16: =IFERROR(C16/(C16+D16),0) -> 0
A17: SUP.9 | B17: =COUNTIF(统计辅助!$C$2:$C$99,A17) -> 9 | C17: =COUNTIFS(统计辅助!$C$2:$C$99,A17,完成情况清单!$F$5:$F$102,"已完成") -> 0 | D17: =B17-C17-COUNTIFS(统计辅助!$C$2:$C$99,A17,完成情况清单!$F$5:$F$102,"不适用") -> 9 | E17: =IFERROR(C17/(C17+D17),0) -> 0
A18: SUP.10 | B18: =COUNTIF(统计辅助!$C$2:$C$99,A18) -> 4 | C18: =COUNTIFS(统计辅助!$C$2:$C$99,A18,完成情况清单!$F$5:$F$102,"已完成") -> 0 | D18: =B18-C18-COUNTIFS(统计辅助!$C$2:$C$99,A18,完成情况清单!$F$5:$F$102,"不适用") -> 4 | E18: =IFERROR(C18/(C18+D18),0) -> 0
A19: SYS.1～SYS.3、SWE.1～SWE.3 | B19: =COUNTIF(统计辅助!$C$2:$C$99,A19) -> 4 | C19: =COUNTIFS(统计辅助!$C$2:$C$99,A19,完成情况清单!$F$5:$F$102,"已完成") -> 0 | D19: =B19-C19-COUNTIFS(统计辅助!$C$2:$C$99,A19,完成情况清单!$F$5:$F$102,"不适用") -> 4 | E19: =IFERROR(C19/(C19+D19),0) -> 0
A20: SYS.1 | B20: =COUNTIF(统计辅助!$C$2:$C$99,A20) -> 2 | C20: =COUNTIFS(统计辅助!$C$2:$C$99,A20,完成情况清单!$F$5:$F$102,"已完成") -> 0 | D20: =B20-C20-COUNTIFS(统计辅助!$C$2:$C$99,A20,完成情况清单!$F$5:$F$102,"不适用") -> 2 | E20: =IFERROR(C20/(C20+D20),0) -> 0
A21: SYS.2 | B21: =COUNTIF(统计辅助!$C$2:$C$99,A21) -> 3 | C21: =COUNTIFS(统计辅助!$C$2:$C$99,A21,完成情况清单!$F$5:$F$102,"已完成") -> 0 | D21: =B21-C21-COUNTIFS(统计辅助!$C$2:$C$99,A21,完成情况清单!$F$5:$F$102,"不适用") -> 3 | E21: =IFERROR(C21/(C21+D21),0) -> 0
A22: SYS.3 | B22: =COUNTIF(统计辅助!$C$2:$C$99,A22) -> 3 | C22: =COUNTIFS(统计辅助!$C$2:$C$99,A22,完成情况清单!$F$5:$F$102,"已完成") -> 0 | D22: =B22-C22-COUNTIFS(统计辅助!$C$2:$C$99,A22,完成情况清单!$F$5:$F$102,"不适用") -> 3 | E22: =IFERROR(C22/(C22+D22),0) -> 0
A23: SYS.4 | B23: =COUNTIF(统计辅助!$C$2:$C$99,A23) -> 6 | C23: =COUNTIFS(统计辅助!$C$2:$C$99,A23,完成情况清单!$F$5:$F$102,"已完成") -> 0 | D23: =B23-C23-COUNTIFS(统计辅助!$C$2:$C$99,A23,完成情况清单!$F$5:$F$102,"不适用") -> 6 | E23: =IFERROR(C23/(C23+D23),0) -> 0
A24: SYS.5 | B24: =COUNTIF(统计辅助!$C$2:$C$99,A24) -> 5 | C24: =COUNTIFS(统计辅助!$C$2:$C$99,A24,完成情况清单!$F$5:$F$102,"已完成") -> 0 | D24: =B24-C24-COUNTIFS(统计辅助!$C$2:$C$99,A24,完成情况清单!$F$5:$F$102,"不适用") -> 5 | E24: =IFERROR(C24/(C24+D24),0) -> 0
A25: SWE.1 | B25: =COUNTIF(统计辅助!$C$2:$C$99,A25) -> 4 | C25: =COUNTIFS(统计辅助!$C$2:$C$99,A25,完成情况清单!$F$5:$F$102,"已完成") -> 0 | D25: =B25-C25-COUNTIFS(统计辅助!$C$2:$C$99,A25,完成情况清单!$F$5:$F$102,"不适用") -> 4 | E25: =IFERROR(C25/(C25+D25),0) -> 0
... A30: SWE.6 | B30: =COUNTIF(统计辅助!$C$2:$C$99,A30) -> 5 | C30: =COUNTIFS(统计辅助!$C$2:$C$99,A30,完成情况清单!$F$5:$F$102,"已完成") -> 0 | D30: =B30-C30-COUNTIFS(统计辅助!$C$2:$C$99,A30,完成情况清单!$F$5:$F$102,"不适用") -> 5 | E30: =IFERROR(C30/(C30+D30),0) -> 0

Sheet 统计辅助
A1: 序号 | B1: 阶段 | C1: 过程域
A2: 1 | B2: 项目初期 | C2: MAN.3
A3: 2 | B3: 项目初期 | C3: MAN.3
A4: 3 | B4: 项目初期 | C4: MAN.3
A5: 4 | B5: 项目初期 | C5: MAN.3
A6: 5 | B6: 项目初期 | C6: MAN.3
A7: 6 | B7: 项目初期 | C7: MAN.3
A8: 7 | B8: 项目初期 | C8: MAN.3
A9: 8 | B9: 项目初期 | C9: MAN.3
A10: 9 | B10: 项目初期 | C10: MAN.3
A11: 10 | B11: 项目初期 | C11: MAN.3
A12: 11 | B12: 项目初期 | C12: MAN.3
A13: 12 | B13: 项目初期 | C13: MAN.3
... A99: 98 | B99: 周期性/不固定任务 | C99: MAN.3
